{"cameraMode":{"drawMode":0,"name":"Shaded","section":"Shading Mode"},"sceneLighting":true,"audioPlay":false,"sceneViewState":{"m_AlwaysRefresh":false,"showFog":true,"showSkybox":true,"showFlares":true,"showImageEffects":true,"showParticleSystems":true,"showVisualEffectGraphs":true,"m_FxEnabled":true},"in2DMode":false,"pivot":{"x":-11.220492362976075,"y":-1.7432374954223633,"z":5.4381632804870609},"rotation":{"x":-0.44980311393737795,"y":-0.03166356310248375,"z":0.015843085944652559,"w":-0.8925328254699707},"size":3.461364269256592,"orthographic":false}