{"cameraMode":{"drawMode":0,"name":"Shaded","section":"Shading Mode"},"sceneLighting":true,"audioPlay":false,"sceneViewState":{"m_AlwaysRefresh":false,"showFog":true,"showSkybox":true,"showFlares":true,"showImageEffects":true,"showParticleSystems":true,"showVisualEffectGraphs":true,"m_FxEnabled":true},"in2DMode":false,"pivot":{"x":-11.121763229370118,"y":0.5667263269424439,"z":1.6833500862121583},"rotation":{"x":-0.2898428440093994,"y":-0.04109027981758118,"z":0.012331862933933735,"w":-0.9562082290649414},"size":1.3191709518432618,"orthographic":false}