{"cameraMode":{"drawMode":0,"name":"Shaded","section":"Shading Mode"},"sceneLighting":true,"audioPlay":false,"sceneViewState":{"m_AlwaysRefresh":false,"showFog":true,"showSkybox":true,"showFlares":true,"showImageEffects":true,"showParticleSystems":true,"showVisualEffectGraphs":true,"m_FxEnabled":true},"in2DMode":false,"pivot":{"x":5.99446964263916,"y":4.183534145355225,"z":5.1715569496154789},"rotation":{"x":0.07777082920074463,"y":0.28738969564437868,"z":-0.023418791592121125,"w":0.9543645977973938},"size":1.7782354354858399,"orthographic":false}