{"cameraMode":{"drawMode":0,"name":"Shaded","section":"Shading Mode"},"sceneLighting":true,"audioPlay":false,"sceneViewState":{"m_AlwaysRefresh":false,"showFog":true,"showSkybox":true,"showFlares":true,"showImageEffects":true,"showParticleSystems":true,"showVisualEffectGraphs":true,"m_FxEnabled":false},"in2DMode":false,"pivot":{"x":-15.600518226623536,"y":0.765891969203949,"z":1.6076122522354127},"rotation":{"x":-0.046146515756845477,"y":0.2946178913116455,"z":-0.014235051348805428,"w":-0.9544001817703247},"size":1.845628261566162,"orthographic":false}